<?xml version="1.0" encoding="UTF-8" ?>
<!DOCTYPE mapper PUBLIC "-//mybatis.org//DTD Mapper 3.0//EN" "http://mybatis.org/dtd/mybatis-3-mapper.dtd" >
<mapper namespace="com.example.shardspheredemo.dao.ConfigDAO">

    <resultMap id="configMap" type="com.example.shardspheredemo.bean.Config">
        <id column="id" property="id" />
        <result column="remark" property="remark" />
        <result column="create_time" property="createTime" />
        <result column="last_modify_time" property="lastModifyTime" />
    </resultMap>

    <insert id="insert" parameterType="com.example.shardspheredemo.bean.Config">
        INSERT INTO t_config
        (remark, create_time, last_modify_time)
        VALUES
        (#{remark}, #{createTime}, #{lastModifyTime})
    </insert>


</mapper>